Rem Copyright (c) 1990 by Oracle Corporation
Rem NAME
REM    UTLSAMPL.SQL
Rem  FUNCTION
Rem  NOTES
Rem  MODIFIED
Rem	gdudey	   06/28/95 -  Modified for desktop seed database
Rem	glumpkin   10/21/92 -  Renamed from SQLBLD.SQL
Rem	blinden   07/27/92 -  Added primary and foreign keys to EMP and DEPT
Rem	rlim	   04/29/91 -	      change char to varchar2
Rem	mmoore	   04/08/91 -	      use unlimited tablespace priv
Rem	pritto	   04/04/91 -	      change SYSDATE to 13-JUL-87
Rem   Mendels	 12/07/90 - bug 30123;add to_date calls so language independent
Rem
rem
rem $Header: utlsampl.sql 7020100.1 94/09/23 22:14:24 cli Generic<base> $ sqlbld.sql
rem
SET TERMOUT OFF
SET ECHO OFF

rem CONGDON    Invoked in RDBMS at build time.	 29-DEC-1988
rem OATES:     Created: 16-Feb-83

GRANT CONNECT,RESOURCE,UNLIMITED TABLESPACE TO SCOTT IDENTIFIED BY TIGER;
ALTER USER SCOTT DEFAULT TABLESPACE USERS;
ALTER USER SCOTT TEMPORARY TABLESPACE TEMP;
CONNECT SCOTT/TIGER
DROP TABLE DEPT;
CREATE TABLE DEPT
       (DEPTNO NUMBER(2) CONSTRAINT PK_DEPT PRIMARY KEY,
	DNAME VARCHAR2(14) ,
	LOC VARCHAR2(13) ) ;
    
select * from dept;

INSERT INTO DEPT(deptno,dname,loc) VALUES(10,'ACCOUNTING','NEW YORK'); --일대일 대응이다.(deptno,dname,loc)에(10,'ACCOUNTING','NEW YORK')가 일대일
INSERT INTO DEPT VALUES(20,'RESEARCH','DALLAS');
INSERT INTO DEPT VALUES(30,'SALES','CHICAGO');
INSERT INTO DEPT VALUES(40,'OPERATIONS','BOSTON');


DROP TABLE EMP;
CREATE TABLE EMP
       (EMPNO NUMBER(4) CONSTRAINT PK_EMP PRIMARY KEY,
	ENAME VARCHAR2(10),
	JOB VARCHAR2(9),
	MGR NUMBER(4),
	HIREDATE DATE,
	SAL NUMBER(7,2),
	COMM NUMBER(7,2),
	DEPTNO NUMBER(2) CONSTRAINT FK_DEPTNO REFERENCES DEPT);

INSERT INTO EMP VALUES
(7369,'SMITH','CLERK',7902,to_date('1999-12-17','yyyy-MM-dd'),800,NULL,20);
INSERT INTO EMP VALUES
(7499,'ALLEN','SALESMAN',7698,to_date('2000-2-20','yyyy-MM-dd'),1600,300,30);
INSERT INTO EMP VALUES
(7521,'WARD','SALESMAN',7698,to_date('2001-2-22','yyyy-MM-dd'),1250,500,30);
INSERT INTO EMP VALUES
(7566,'JONES','MANAGER',7839,to_date('2001-4-2','yyyy-MM-dd'),2975,NULL,20);
INSERT INTO EMP VALUES
(7654,'MARTIN','SALESMAN',7698,to_date('2001-9-28','yyyy-MM-dd'),1250,1400,30);
INSERT INTO EMP VALUES
(7698,'BLAKE','MANAGER',7839,to_date('2001-5-1','yyyy-MM-dd'),2850,NULL,30);
INSERT INTO EMP VALUES
(7782,'CLARK','MANAGER',7839,to_date('2001-9-6','yyyy-MM-dd'),2450,NULL,10);
INSERT INTO EMP VALUES
(7788,'SCOTT','ANALYST',7566,to_date('2007-6-27','yyyy-MM-dd'),85,3000,NULL,20);
INSERT INTO EMP VALUES
(7839,'KING','PRESIDENT',NULL,to_date('2001-11-17','yyyy-MM-dd'),5000,NULL,10);
INSERT INTO EMP VALUES
(7844,'TURNER','SALESMAN',7698,to_date('2001-9-8','yyyy-MM-dd'),1500,0,30);
INSERT INTO EMP VALUES
(7876,'ADAMS','CLERK',7788,to_date('2007-6-13')-51,1100,NULL,20);
INSERT INTO EMP VALUES
(7900,'JAMES','CLERK',7698,to_date('2001-2-3','yyyy-MM-dd'),950,NULL,30);
INSERT INTO EMP VALUES
(7902,'FORD','ANALYST',7566,to_date('1981-12-3','yyyy-MM-dd'),3000,NULL,20);
INSERT INTO EMP VALUES
(7934,'MILLER','CLERK',7782,to_date('1982-1-2','yyyy-MM-dd'),1300,NULL,10);
DROP TABLE BONUS;
CREATE TABLE BONUS
	(
	ENAME VARCHAR2(10)	,
	JOB VARCHAR2(9)  ,
	SAL NUMBER,
	COMM NUMBER
	) ;
DROP TABLE SALGRADE;
CREATE TABLE SALGRADE
      ( GRADE NUMBER,
	LOSAL NUMBER,
	HISAL NUMBER );
INSERT INTO SALGRADE VALUES (1,700,1200);
INSERT INTO SALGRADE VALUES (2,1201,1400);
INSERT INTO SALGRADE VALUES (3,1401,2000);
INSERT INTO SALGRADE VALUES (4,2001,3000);
INSERT INTO SALGRADE VALUES (5,3001,9999);
COMMIT;

SET TERMOUT ON
SET ECHO ON
